City,Crop,Today's Price,Yesterday's Price,Change,Direction
Lahore,Ginger(China),44600,44000,+600,
Lahore,Brinjal,8300,9250,-950,
Lahore,Bitter Gourd (کریلا),17550,18550,-1000,
Lahore,Tinda Desi,19500,20500,-1000,
Lahore,Cauliflower,14350,13850,+500,
Lahore,Cabbage,12100,11600,+500,
Lahore,Ginger (Thai),49250,48250,+1000,
Lahore,Watermelon,8900,8400,+500,
Lahore,Lemon (China),11250,11750,-500,
Lahore,Peach,26100,26600,-500,
Lahore,Grapes Sundekhani,32500,33600,-1100,
Lahore,Pear,31750,33000,-1250,
Lahore,Bottle Gourd (کدو),13850,14850,-1000,
Faisalabad,Ginger(China),42500,41500,+1000,
Faisalabad,Brinjal,8500,8550,-50,
Faisalabad,Bitter Gourd (کریلا),17500,18500,-1000,
Faisalabad,Radish,2750,3250,-500,
Faisalabad,Apple Kala Kullu (Pahari),22500,22550,-50,
Faisalabad,Banana(DOZEN),95,100,-5,
Faisalabad,Pomegranate(Kandhari),35500,21000,+14500,
Faisalabad,Pomegranate(Badana),30500,34000,-3500,
Faisalabad,Cabbage,11000,9500,+1500,
Faisalabad,Ginger (Thai),48500,47500,+1000,
Faisalabad,Cucumber (Kheera),4950,4750,+200,
Faisalabad,Apple (Gatcha),23600,23750,-150,
Faisalabad,Capsicum (شملہ مرچ),20500,19500,+1000,
Faisalabad,Peach Special,22500,13500,+9000,
Faisalabad,Sweet Musk Melon,15000,16500,-1500,
Faisalabad,Bottle Gourd (کدو),12000,11500,+500,
Faisalabad,Cocoyam(اروی),7350,7250,+100,
Faisalabad,Persimmon(جاپانی پھل),14500,12500,+2000,
Faisalabad,Coriander (دھنیا),16500,19500,-3000,
Gujranwala,Apple (Gatcha),29750,27500,+2250,
Okara,Maize,7135,7045,+90,
Okara,Onion,7250,6750,+500,
Okara,Banana(DOZEN),135,125,+10,
Okara,Ginger (Thai),51750,49750,+2000,
Okara,Cucumber (Kheera),4250,3750,+500,
Okara,Bottle Gourd (کدو),10750,11750,-1000,
Sargodha,Ginger(China),41500,40500,+1000,
Sargodha,Bitter Gourd (کریلا),14250,13750,+500,
Sargodha,Cauliflower,12750,13250,-500,
Sargodha,Turnip,9000,8750,+250,
Sargodha,Banana(DOZEN),85,90,-5,
Sargodha,Ginger (Thai),47500,46500,+1000,
Sargodha,Green Chilli,8950,8750,+200,
Sargodha,Capsicum (شملہ مرچ),20000,19500,+500,
Sargodha,Peach,14500,15000,-500,
Sargodha,Peach Special,21500,21900,-400,
Sargodha,Grapes Gola,20000,20500,-500,
Sargodha,Grapes Sundekhani,32500,33500,-1000,
Sargodha,Bottle Gourd (کدو),11750,11600,+150,
Sargodha,Mustard Greens(ساگ سرسوں),3200,3600,-400,
Sargodha,Persimmon(جاپانی پھل),14500,14250,+250,
Rawalpindi,Onion,6150,6000,+150,
Rawalpindi,Garlic (China),29250,28750,+500,
Rawalpindi,Lady Finger/Okra (بھنڈی توری),12250,12450,-200,
Rawalpindi,Tinda Desi,16850,16350,+500,
Rawalpindi,Cauliflower,13650,14050,-400,
Rawalpindi,Apple (Golden),13850,14100,-250,
Rawalpindi,Pomegranate(Kandhari),24050,23650,+400,
Rawalpindi,Garlic (Local),19350,19100,+250,
Rawalpindi,Dates (Aseel),38600,38200,+400,
Rawalpindi,Green Chilli,10450,10000,+450,
Rawalpindi,Lemon (Desi),20950,20450,+500,
Rawalpindi,Lemon (China),11350,10950,+400,
Rawalpindi,Peach,15950,15450,+500,
Rawalpindi,Pear,17250,16850,+400,
Rawalpindi,Cocoyam(اروی),7950,8350,-400,
Rawalpindi,Dates(Irani),42300,41800,+500,
Multan,Rice Basmati Super (New),31125,31750,-625,
Multan,Rice (IRRI),9375,9410,-35,
Multan,Gram Pulse,22125,22375,-250,
Multan,Moong,26750,27250,-500,
Multan,Moong Pulse,33000,33500,-500,
Multan,Mash,29875,29750,+125,
Multan,Mash Pulse(Imported) washed,34875,34375,+500,
Multan,Maize,8875,9063,-188,
Multan,Millet,9125,9688,-563,
Multan,Sorghum,13875,13563,+312,
Multan,Potato Fresh,6600,6500,+100,
Multan,Onion,6100,5800,+300,
Multan,Brinjal,4900,5700,-800,
Multan,Lady Finger/Okra (بھنڈی توری),12500,12900,-400,
Multan,Peas,41900,40900,+1000,
Multan,Carrot,8900,9900,-1000,
Multan,Guava,17900,16900,+1000,
Multan,Rice Basmati (385),17625,18125,-500,
Multan,Cabbage,8900,9900,-1000,
Multan,Ginger (Thai),45700,44700,+1000,
Multan,Masoor Whole (Imported),22125,22375,-250,
Multan,Masoor Pulse (Imported),22375,22625,-250,
Multan,Garlic (Local),18900,17900,+1000,
Multan,Apple (Gatcha),25100,24900,+200,
Multan,Green Chilli,7900,8300,-400,
Multan,Pomegranate Desi,27900,25900,+2000,
Multan,Gram Flour (بیسن),22375,22875,-500,
Multan,Bottle Gourd (کدو),8700,8100,+600,
Multan,Zucchini (گھیا توری),10900,10400,+500,
Multan,Rice Kainat (New),31125,31750,-625,
Multan,Mint(پودینہ),4500,3900,+600,
Multan,Papaya(پپیتا),35900,34900,+1000,
Multan,Potato Sugar free,5000,4900,+100,
Multan,Dates(Irani),41875,43125,-1250,
RahimYarKhan,Wheat,7188,6875,+313,
RahimYarKhan,Potato Fresh,7046,6637,+409,
RahimYarKhan,Onion,5682,5228,+454,
RahimYarKhan,Bitter Gourd (کریلا),11545,10020,+1525,
RahimYarKhan,Cauliflower,12634,13506,-872,
RahimYarKhan,Apple (Golden),21359,20914,+445,
RahimYarKhan,Seed Cotton(Phutti),19294,19600,-306,
RahimYarKhan,Cucumber (Kheera),4793,4139,+654,
RahimYarKhan,Capsicum (شملہ مرچ),13506,12634,+872,
RahimYarKhan,Grapes Gola,30060,29189,+871,
RahimYarKhan,Bottle Gourd (کدو),9933,10020,-87,
Bhalwal,Onion,7050,6950,+100,
Bhalwal,Ginger(China),43500,42500,+1000,
Bhalwal,Bitter Gourd (کریلا),15250,14750,+500,
Bhalwal,Cauliflower,13750,14250,-500,
Bhalwal,Banana(DOZEN),95,100,-5,
Bhalwal,Ginger (Thai),49500,48500,+1000,
Bhalwal,Green Chilli,9750,9550,+200,
Bhalwal,Capsicum (شملہ مرچ),21500,20500,+1000,
Bhalwal,Peach,15500,15750,-250,
Bhalwal,Grapes Gola,21500,22000,-500,
Bhalwal,Grapes Sundekhani,34500,35500,-1000,
Bhalwal,Bottle Gourd (کدو),12750,12600,+150,
Bhalwal,Persimmon(جاپانی پھل),15500,15250,+250,
Sahiwal,Wheat,7350,7650,-300,
Sahiwal,Rice Basmati Super (New),29600,29650,-50,
Sahiwal,Gram White(local),22250,22200,+50,
Sahiwal,Gram Pulse,25650,25610,+40,
Sahiwal,Moong,29150,29200,-50,
Sahiwal,Moong Pulse,29600,29650,-50,
Sahiwal,Mash Pulse(Imported) washed,38100,38150,-50,
Sahiwal,Masoor Whole(local),24255,24250,+5,
Sahiwal,Masoor Pulse(local),24200,24150,+50,
Sahiwal,Potato Fresh,6850,6650,+200,
Sahiwal,Onion,7500,6650,+850,
Sahiwal,Brinjal,3650,3850,-200,
Sahiwal,Lady Finger/Okra (بھنڈی توری),10850,10950,-100,
Sahiwal,Cauliflower,12000,13000,-1000,
Sahiwal,Banana(DOZEN),110,115,-5,
Sahiwal,Pomegranate(Kandhari),33850,34850,-1000,
Sahiwal,Mango(Chounsa),34750,34850,-100,
Sahiwal,Cabbage,14850,13850,+1000,
Sahiwal,Mash Pulse(local),37600,37650,-50,
Sahiwal,Ginger (Thai),51750,49000,+2750,
Sahiwal,Garlic (Local),26850,27450,-600,
Sahiwal,Cucumber (Kheera),4350,3650,+700,
Sahiwal,Apple (Gatcha),27700,27850,-150,
Sahiwal,Green Chilli,9650,9850,-200,
Sahiwal,Lemon (China),9000,8850,+150,
Sahiwal,Peach Special,32750,34000,-1250,
Sahiwal,Grapes Gola,27600,27000,+600,
Sahiwal,Grapes Sundekhani,47000,47700,-700,
Sahiwal,Gram Flour (بیسن),25200,25250,-50,
Sahiwal,Bottle Gourd (کدو),10650,11000,-350,
Sahiwal,Zucchini (گھیا توری),15000,14550,+450,
Sahiwal,Dates(Irani),45850,45860,-10,
Vehari,Potato Fresh,7300,7100,+200,
Vehari,Onion,6500,6300,+200,
Vehari,Spinach,2100,1500,+600,
Vehari,Brinjal,8500,9500,-1000,
Vehari,Lady Finger/Okra (بھنڈی توری),11900,12900,-1000,
Vehari,Bitter Gourd (کریلا),11900,13900,-2000,
Vehari,Seed Cotton(Phutti),17875,17938,-63,
Vehari,Banola,8108,8040,+68,
Vehari,Banola Cake,7276,7232,+44,
Vehari,Ginger (Thai),46900,44900,+2000,
Vehari,Green Chilli,8100,20100,-12000,
Vehari,Lemon (Desi),20100,24500,-4400,
Vehari,Coriander (دھنیا),21900,16400,+5500,
Vehari,Mint(پودینہ),1700,1300,+400,
Vehari,Sesame(تِل),25500,25375,+125,
Burewala,Maize,6500,6375,+125,
Burewala,Potato Fresh,6800,6700,+100,
Burewala,Onion,6500,6300,+200,
Burewala,Brinjal,7900,8700,-800,
Burewala,Bitter Gourd (کریلا),11900,12900,-1000,
Burewala,Pumpkin,6900,7200,-300,
Burewala,Cauliflower,14400,16400,-2000,
Burewala,Carrot,8900,9900,-1000,
Burewala,Seed Cotton(Phutti),17875,17375,+500,
Burewala,Musambi(100Pcs),6500,6100,+400,
Burewala,Ginger (Thai),46900,44900,+2000,
Burewala,Garlic (Local),22900,21900,+1000,
Burewala,Green Chilli,7700,8900,-1200,
Burewala,Grapes Gola,24900,25900,-1000,
Burewala,Grapes Sundekhani,33900,34900,-1000,
Burewala,Mongray,21900,20900,+1000,
Burewala,Cocoyam(اروی),6900,7200,-300,
Burewala,Sweet Potato(شکر قندی),9900,10400,-500,
Burewala,Canola,21250,21875,-625,
Layyah,Maize,9100,9200,-100,
Layyah,Millet,9000,9250,-250,
Layyah,Potato Fresh,6500,6750,-250,
Layyah,Cauliflower,13000,14000,-1000,
Layyah,Peas,37000,35500,+1500,
Layyah,Apple Kala Kullu (Pahari),23000,24500,-1500,
Layyah,Banana(DOZEN),95,110,-15,
Layyah,Cabbage,9750,9500,+250,
Layyah,Cucumber (Kheera),4500,5500,-1000,
Layyah,Capsicum (شملہ مرچ),12500,10500,+2000,
Layyah,Lemon (Desi),22250,22500,-250,
Layyah,Grapes Gola,26000,27000,-1000,
Layyah,Bottle Gourd (کدو),7750,7500,+250,
Layyah,Zucchini (گھیا توری),10500,9500,+1000,
Layyah,Persimmon(جاپانی پھل),16250,17000,-750,
Gujrat,Rice Basmati Super (New),32000,31550,+450,
Gujrat,Moong,34000,35000,-1000,
Gujrat,Moong Pulse,32000,32125,-125,
Gujrat,Mash Pulse(Imported) washed,37000,36000,+1000,
Gujrat,Millet,11400,11350,+50,
Gujrat,Potato Fresh,7500,7600,-100,
Gujrat,Onion,8200,7600,+600,
Gujrat,Apple Kala Kullu (Pahari),32000,30000,+2000,
Gujrat,Jaggery (گڑ),22000,20000,+2000,
Gujrat,Gram White(Imported),22000,22750,-750,
Gujrat,Ginger (Thai),51500,47000,+4500,
Gujrat,Masoor Whole (Imported),23000,24000,-1000,
Gujrat,Garlic (Local),21000,20000,+1000,
Gujrat,Cucumber (Kheera),7500,7300,+200,
Gujrat,Lemon (China),12100,12500,-400,
Gujrat,Persimmon(جاپانی پھل),18000,15000,+3000,
Gujrat,Dates(Irani),45000,43000,+2000,
Khanewal,Potato Fresh,7300,6900,+400,
Khanewal,Onion,6900,6700,+200,
Khanewal,Bitter Gourd (کریلا),12500,12700,-200,
Khanewal,Cabbage,10500,11500,-1000,
Khanewal,Ginger (Thai),48500,46500,+2000,
Khanewal,Garlic (Local),19900,18700,+1200,
Khanewal,Dates (Aseel),21500,23500,-2000,
Khanewal,Green Chilli,8100,8500,-400,
Khanewal,Bottle Gourd (کدو),8900,8300,+600,
Khanewal,Zucchini (گھیا توری),12500,14500,-2000,
Khanewal,Persimmon(جاپانی پھل),19500,16700,+2800,
Khanewal,Papaya(پپیتا),38100,36900,+1200,
MuzafarGhar,Potato Store,5150,5400,-250,
MuzafarGhar,Onion,5550,5150,+400,
MuzafarGhar,Tomato,12650,12500,+150,
MuzafarGhar,Garlic (Local),14300,17750,-3450,
MuzafarGhar,Apple (Gatcha),19100,20850,-1750,
MuzafarGhar,Lemon (Desi),22150,19550,+2600,
BahawalPur,Rice (IRRI),11500,10750,+750,
BahawalPur,Mash,35500,35250,+250,
BahawalPur,Potato Fresh,7400,7000,+400,
BahawalPur,Onion,6500,6350,+150,
BahawalPur,Tomato,13450,13250,+200,
BahawalPur,Brinjal,5150,6150,-1000,
BahawalPur,Lady Finger/Okra (بھنڈی توری),12300,13300,-1000,
BahawalPur,Bitter Gourd (کریلا),10250,11000,-750,
BahawalPur,Cauliflower,10250,10750,-500,
BahawalPur,Seed Cotton(Phutti),19250,19000,+250,
BahawalPur,Rice Basmati Super (Old),30500,31500,-1000,
BahawalPur,Ginger (Thai),45650,43950,+1700,
BahawalPur,Garlic (Local),19600,18500,+1100,
BahawalPur,Bottle Gourd (کدو),9000,8600,+400,
BahawalPur,Persimmon(جاپانی پھل),22150,22300,-150,
BahawalPur,Papaya(پپیتا),32500,33000,-500,
KabirWala,Potato Fresh,6350,6200,+150,
KabirWala,Onion,5800,5350,+450,
KabirWala,Tomato,9950,11450,-1500,
KabirWala,Spinach,2400,1900,+500,
KabirWala,Brinjal,5500,6400,-900,
KabirWala,Bitter Gourd (کریلا),11800,12000,-200,
KabirWala,Carrot,9100,10100,-1000,
KabirWala,Cabbage,10100,10900,-800,
KabirWala,Ginger (Thai),44200,42400,+1800,
KabirWala,Garlic (Local),18500,17400,+1100,
KabirWala,Dates (Aseel),14900,21700,-6800,
KabirWala,Green Chilli,7900,8200,-300,
KabirWala,Zucchini (گھیا توری),11800,13600,-1800,
KabirWala,Coriander (دھنیا),13600,16300,-2700,
KabirWala,Mint(پودینہ),1900,1600,+300,
KabirWala,Papaya(پپیتا),34900,33900,+1000,
Patoki,Brinjal,4900,5750,-850,
Patoki,Bitter Gourd (کریلا),14350,16400,-2050,
Patoki,Apple Kala Kullu (Pahari),21950,22100,-150,
Patoki,Guava,17200,17400,-200,
Patoki,Pomegranate(Kandhari),25600,34850,-9250,
Patoki,Capsicum (شملہ مرچ),12300,14350,-2050,
Patoki,Peach,27600,21850,+5750,
Patoki,Grapes Gola,24050,22550,+1500,
Patoki,Grapes Sundekhani,35850,34800,+1050,
Patoki,Bottle Gourd (کدو),8250,7300,+950,
Patoki,Persimmon(جاپانی پھل),14850,15350,-500,
Patoki,Cocunut,46300,46100,+200,
Patoki,Papaya(پپیتا),21500,22500,-1000,
ArifWala,Onion,6750,6000,+750,
ArifWala,Tomato,12500,12300,+200,
ArifWala,Bitter Gourd (کریلا),12500,11500,+1000,
ArifWala,Cauliflower,11500,12500,-1000,
ArifWala,Carrot,8500,7500,+1000,
ArifWala,Ginger (Thai),48500,46000,+2500,
ArifWala,Cucumber (Kheera),4250,3750,+500,
ArifWala,Green Chilli,7500,8000,-500,
ArifWala,Grapes Sundekhani,34500,35500,-1000,
ArifWala,Pear,20500,21000,-500,
ArifWala,Persimmon(جاپانی پھل),23000,18500,+4500,
ArifWala,sugarcane(گنڈ یری),11500,10500,+1000,
Jaranwala,Banana(DOZEN),90,100,-10,
PakPattan,Onion,7273,6818,+455,
PakPattan,Tomato,13182,13081,+101,
PakPattan,Bitter Gourd (کریلا),12609,11304,+1305,
PakPattan,Cauliflower,11304,12609,-1305,
PakPattan,Carrot,8261,7391,+870,
PakPattan,Banana(DOZEN),109,100,+9,
PakPattan,Pomegranate(Kandhari),30000,28181,+1819,
PakPattan,Seed Cotton(Phutti),16500,15250,+1250,
PakPattan,Ginger (Thai),47727,46363,+1364,
PakPattan,Cucumber (Kheera),4131,3696,+435,
PakPattan,Bottle Gourd (کدو),10000,9565,+435,
PakPattan,Persimmon(جاپانی پھل),20000,15909,+4091,
PakPattan,Sweet Potato(شکر قندی),11304,10869,+435,
PakPattan,Sesame(تِل),25438,25231,+207,
Lodhran,Potato Fresh,6400,6300,+100,
Lodhran,Potato Store,4950,4800,+150,
Lodhran,Onion,5900,5600,+300,
Lodhran,Tomato,12200,12250,-50,
Lodhran,Brinjal,4800,5600,-800,
Lodhran,Lady Finger/Okra (بھنڈی توری),11800,12300,-500,
Lodhran,Peas,41250,40900,+350,
Lodhran,Carrot,8800,9800,-1000,
Lodhran,Pomegranate(Kandhari),27500,25500,+2000,
Lodhran,Cabbage,8800,9800,-1000,
Lodhran,Ginger (Thai),45500,44500,+1000,
Lodhran,Garlic (Local),18800,17750,+1050,
Lodhran,Cucumber (Kheera),3600,3800,-200,
Lodhran,Green Chilli,7800,8200,-400,
Lodhran,Gram Flour (بیسن),25250,25500,-250,
Lodhran,Sweet Musk Melon (Shireen),17550,17600,-50,
Lodhran,Bottle Gourd (کدو),8600,8000,+600,
Lodhran,Zucchini (گھیا توری),10800,10100,+700,
Lodhran,Persimmon(جاپانی پھل),15600,15550,+50,
HaroonAbad,Potato Fresh,7406,7206,+200,
HaroonAbad,Onion,6505,6105,+400,
HaroonAbad,Spinach,2502,2802,-300,
HaroonAbad,Brinjal,5204,6505,-1301,
HaroonAbad,Lady Finger/Okra (بھنڈی توری),11509,11309,+200,
HaroonAbad,Cauliflower,14011,13210,+801,
HaroonAbad,Peas,51039,52039,-1000,
HaroonAbad,Turnip,14511,19015,-4504,
HaroonAbad,Radish,4504,3503,+1001,
HaroonAbad,Carrot,9508,9307,+201,
HaroonAbad,Apple (Golden),17413,14912,+2501,
HaroonAbad,Banana(DOZEN),92,90,+2,
HaroonAbad,Pomegranate(Kandhari),24018,27021,-3003,
HaroonAbad,Musambi(100Pcs),505,559,-54,
HaroonAbad,Grapefruit(100Pcs),546,591,-45,
HaroonAbad,Cabbage,7506,8206,-700,
HaroonAbad,Ginger (Thai),45034,45634,-600,
HaroonAbad,Cucumber (Kheera),6505,6305,+200,
HaroonAbad,Apple (Gatcha),27521,26921,+600,
HaroonAbad,Green Chilli,9508,8607,+901,
HaroonAbad,Capsicum (شملہ مرچ),13210,13911,-701,
HaroonAbad,Lemon (Desi),22017,23018,-1001,
HaroonAbad,Pomegranate Desi,24018,38029,-14011,
HaroonAbad,Grapes Gola,24018,23018,+1000,
HaroonAbad,Grapes Sundekhani,36828,36928,-100,
HaroonAbad,Bottle Gourd (کدو),10508,10208,+300,
HaroonAbad,Zucchini (گھیا توری),15412,17514,-2102,
HaroonAbad,Cocoyam(اروی),8607,8407,+200,
HaroonAbad,Persimmon(جاپانی پھل),19015,19215,-200,
HaroonAbad,Coriander (دھنیا),19152,17013,+2139,
HaroonAbad,sugarcane(گنڈ یری),11609,11509,+100,
GujarKhan,Onion,6330,6140,+190,
GujarKhan,Brinjal,6900,5100,+1800,
GujarKhan,Tinda Desi,18650,16750,+1900,
GujarKhan,Radish,6425,6000,+425,
GujarKhan,Apple (Golden),16750,17700,-950,
GujarKhan,Ginger (Thai),41100,35650,+5450,
GujarKhan,Garlic (Local),19500,18650,+850,
GujarKhan,Cucumber (Kheera),5575,5100,+475,
GujarKhan,Apple (Gatcha),23950,22250,+1700,
GujarKhan,Green Chilli,11400,8700,+2700,
GujarKhan,Capsicum (شملہ مرچ),15900,14950,+950,
GujarKhan,Lemon (Desi),21300,17700,+3600,
GujarKhan,Lemon (China),12300,11400,+900,
GujarKhan,Peach,11400,15900,-4500,
GujarKhan,Grapes Gola,21300,19500,+1800,
GujarKhan,Grapes Sundekhani,32100,30300,+1800,
GujarKhan,Persimmon(جاپانی پھل),14100,13150,+950,
GujarKhan,sugarcane(گنڈ یری),10500,7800,+2700,
GujarKhan,Suger Beet(چقندر),6000,6425,-425,
Mailsi,Maize,8188,8125,+63,
Mailsi,Onion,6500,6400,+100,
Mailsi,Spinach,2100,1700,+400,
Mailsi,Brinjal,8400,9400,-1000,
Mailsi,Bitter Gourd (کریلا),11900,13900,-2000,
Mailsi,Seed Cotton(Phutti),17625,18250,-625,
Mailsi,Ginger (Thai),46900,44900,+2000,
Mailsi,Green Chilli,8100,9400,-1300,
Mailsi,Coriander (دھنیا),20900,16900,+4000,
Kahrorpacca,Potato Fresh,7400,7000,+400,
Kahrorpacca,Onion,6600,6400,+200,
Kahrorpacca,Tomato,14000,13900,+100,
Kahrorpacca,Brinjal,5000,5800,-800,
Kahrorpacca,Lady Finger/Okra (بھنڈی توری),12400,13000,-600,
Kahrorpacca,Cauliflower,14200,14500,-300,
Kahrorpacca,Carrot,9400,10400,-1000,
Kahrorpacca,Banana(DOZEN),100,105,-5,
Kahrorpacca,Cabbage,9400,10400,-1000,
Kahrorpacca,Ginger (Thai),47000,46000,+1000,
Kahrorpacca,Garlic (Local),19500,18200,+1300,
Kahrorpacca,Cucumber (Kheera),3600,3800,-200,
Kahrorpacca,Green Chilli,8000,8600,-600,
Kahrorpacca,Capsicum (شملہ مرچ),15500,15400,+100,
Kahrorpacca,Bottle Gourd (کدو),9000,8400,+600,
Kahrorpacca,Zucchini (گھیا توری),11400,10800,+600,
Chichawatni,Wheat,7425,7450,-25,
Chichawatni,Maize,7750,8000,-250,
Chichawatni,Onion,7000,6500,+500,
Chichawatni,Spinach,2600,2800,-200,
Chichawatni,Brinjal,9250,8500,+750,
Chichawatni,Lady Finger/Okra (بھنڈی توری),10250,10500,-250,
Chichawatni,Bitter Gourd (کریلا),16000,15500,+500,
Chichawatni,Cauliflower,12000,13500,-1500,
Chichawatni,Carrot,10000,9500,+500,
Chichawatni,Banana(DOZEN),120,110,+10,
Chichawatni,Guava,10500,10000,+500,
Chichawatni,Ginger (Thai),46000,45000,+1000,
Chichawatni,Garlic (Local),28000,27500,+500,
Chichawatni,Cucumber (Kheera),4600,3800,+800,
Chichawatni,Apple (Gatcha),27500,27000,+500,
Chichawatni,Green Chilli,8500,7500,+1000,
Chichawatni,Peach,24000,25000,-1000,
Chichawatni,Grapes Sundekhani,48000,47000,+1000,
Chichawatni,Bottle Gourd (کدو),10000,11500,-1500,
Chichawatni,Zucchini (گھیا توری),14000,15500,-1500,
Chichawatni,Cocoyam(اروی),7250,5500,+1750,
Chichawatni,Persimmon(جاپانی پھل),24000,23000,+1000,
Chichawatni,Sweet Potato(شکر قندی),13000,13500,-500,
Chichawatni,Sesame(تِل),26950,26625,+325,
Chichawatni,Mustard seed,19350,18750,+600,
DunyaPur,Potato Fresh,7300,6450,+850,
DunyaPur,Onion,6125,6450,-325,
DunyaPur,Spinach,2750,2550,+200,
DunyaPur,Brinjal,4900,5450,-550,
DunyaPur,Cabbage,10250,9375,+875,
DunyaPur,Cucumber (Kheera),3550,3700,-150,
DunyaPur,Green Chilli,7900,8125,-225,
DunyaPur,Bottle Gourd (کدو),8375,8100,+275,
LalaMusa,Rice Basmati Super (New),28500,29000,-500,
LalaMusa,Gram Pulse,23500,24000,-500,
LalaMusa,Potato Fresh,6400,6800,-400,
LalaMusa,Onion,7400,6800,+600,
LalaMusa,Ginger(China),42500,41500,+1000,
LalaMusa,Lady Finger/Okra (بھنڈی توری),12500,12950,-450,
LalaMusa,Cauliflower,18500,13500,+5000,
LalaMusa,Peas,34500,36500,-2000,
LalaMusa,Turnip,12500,13500,-1000,
LalaMusa,Pomegranate(Kandhari),27500,25500,+2000,
LalaMusa,Rice Basmati Super (Old),29000,29500,-500,
LalaMusa,Musambi(100Pcs),13500,12500,+1000,
LalaMusa,Gram White(Imported),28000,27750,+250,
LalaMusa,Ginger (Thai),51500,49500,+2000,
LalaMusa,Peach,23500,22500,+1000,
MandiBahaudin,Potato Fresh,7600,7750,-150,
MandiBahaudin,Onion,7750,7600,+150,
MandiBahaudin,Ginger(China),44500,43500,+1000,
MandiBahaudin,Brinjal,7600,8750,-1150,
MandiBahaudin,Lady Finger/Okra (بھنڈی توری),14500,15500,-1000,
MandiBahaudin,Cauliflower,13500,12500,+1000,
MandiBahaudin,Garlic (Local),22500,21500,+1000,
MandiBahaudin,Cucumber (Kheera),8750,8250,+500,
MandiBahaudin,Bottle Gourd (کدو),13500,14500,-1000,
MandiBahaudin,Zucchini (گھیا توری),10250,8250,+2000,
MandiBahaudin,Cocoyam(اروی),10250,9750,+500,
JalalPurJattan,Gram Pulse,25000,24500,+500,
JalalPurJattan,Potato Fresh,7650,7200,+450,
JalalPurJattan,Brinjal,10500,12500,-2000,
JalalPurJattan,Lady Finger/Okra (بھنڈی توری),14000,15500,-1500,
JalalPurJattan,Bitter Gourd (کریلا),16000,16500,-500,
JalalPurJattan,Carrot,12500,13500,-1000,
JalalPurJattan,Apple (Golden),20000,21000,-1000,
JalalPurJattan,Banana(DOZEN),120,115,+5,
JalalPurJattan,Mango(Chounsa),31000,32000,-1000,
JalalPurJattan,Rice Basmati Super (Old),28000,27500,+500,
JalalPurJattan,Cabbage,9300,9500,-200,
JalalPurJattan,Green Chilli,12500,11500,+1000,
JalalPurJattan,Gram Flour (بیسن),26000,25000,+1000,
JalalPurJattan,Bottle Gourd (کدو),16500,16000,+500,
JalalPurJattan,Persimmon(جاپانی پھل),18500,18000,+500,
JalalPurJattan,Dates(Irani),46000,45000,+1000,
Daska,Potato Fresh,7060,7160,-100,
Daska,Onion,7635,7160,+475,
Daska,Ginger(China),40750,39400,+1350,
Daska,Spinach,3575,3565,+10,
Daska,Brinjal,6265,6260,+5,
Daska,Lady Finger/Okra (بھنڈی توری),13350,12450,+900,
Daska,Peas,34000,34050,-50,
Daska,Turnip,8060,6650,+1410,
Daska,Pomegranate(Kandhari),23850,24150,-300,
Daska,Cabbage,8800,8850,-50,
Daska,Ginger (Thai),47550,44850,+2700,
Daska,Cucumber (Kheera),5360,5315,+45,
Daska,Apple (Gatcha),28850,29050,-200,
Daska,Green Chilli,10600,10650,-50,
Daska,Peach,24850,28600,-3750,
Daska,Grapes Gola,20500,22850,-2350,
Daska,Grapes Sundekhani,32250,35850,-3600,
Daska,Bottle Gourd (کدو),12450,13350,-900,
Daska,Persimmon(جاپانی پھل),13250,13200,+50,
Daska,Papaya(پپیتا),22200,21800,+400,
Kamalia,Wheat,7375,7438,-63,
Kamalia,Maize,8000,8313,-313,
Kamalia,Potato Store,4900,5200,-300,
Kamalia,Onion,6800,7100,-300,
Kamalia,Bitter Gourd (کریلا),13800,14800,-1000,
Kamalia,Cauliflower,12800,13800,-1000,
Kamalia,Carrot,9800,8800,+1000,
Kamalia,Pomegranate(Kandhari),22500,21500,+1000,
Kamalia,Grapefruit(100Pcs),1500,1400,+100,
Kamalia,Green Chilli,7800,8800,-1000,
Kamalia,Grapes Gola,22800,22500,+300,
Kamalia,Grapes Sundekhani,32500,33500,-1000,
Kamalia,Bottle Gourd (کدو),12000,12200,-200,
Kamalia,Cocoyam(اروی),6900,6800,+100,
Kamalia,Persimmon(جاپانی پھل),17500,17800,-300,
PirMahal,Potato Store,4700,4800,-100,
PirMahal,Onion,7150,7200,-50,
PirMahal,Tomato,12850,13350,-500,
PirMahal,Brinjal,8150,7700,+450,
PirMahal,Lady Finger/Okra (بھنڈی توری),13650,13600,+50,
PirMahal,Bitter Gourd (کریلا),14400,16300,-1900,
PirMahal,Cauliflower,14300,14700,-400,
PirMahal,Carrot,8900,8800,+100,
PirMahal,Pomegranate(Kandhari),22500,22300,+200,
PirMahal,Cabbage,11700,10600,+1100,
PirMahal,Ginger (Thai),49650,50250,-600,
PirMahal,Garlic (Local),17950,18000,-50,
PirMahal,Cucumber (Kheera),5150,5300,-150,
PirMahal,Apple Kala Kullu (Madani),23300,22600,+700,
PirMahal,Green Chilli,9300,9600,-300,
PirMahal,Lemon (China),10600,12400,-1800,
PirMahal,Grapes Gola,25200,23300,+1900,
PirMahal,Grapes Sundekhani,34700,36150,-1450,
PirMahal,Zucchini (گھیا توری),13550,13600,-50,
PirMahal,Cocoyam(اروی),8100,7900,+200,
Jahanian,Potato Fresh,41300,6900,+34400,
Jahanian,Onion,6900,6700,+200,
Jahanian,Spinach,2150,1850,+300,
Jahanian,Brinjal,5700,6700,-1000,
Jahanian,Bitter Gourd (کریلا),12500,12700,-200,
Jahanian,Cabbage,10500,11500,-1000,
Jahanian,Persimmon(جاپانی پھل),19500,16700,+2800,
MianChannu,Potato Fresh,7300,6900,+400,
MianChannu,Onion,6900,6700,+200,
MianChannu,Spinach,2200,1900,+300,
MianChannu,Brinjal,5700,6700,-1000,
MianChannu,Bitter Gourd (کریلا),12500,12700,-200,
MianChannu,Cabbage,10500,11500,-1000,
MianChannu,Ginger (Thai),48500,46500,+2000,
MianChannu,Green Chilli,8100,8500,-400,
MianChannu,Zucchini (گھیا توری),12500,14500,-2000,
MianChannu,Persimmon(جاپانی پھل),19500,16700,+2800,
MianChannu,Coriander (دھنیا),14500,17500,-3000,
MianChannu,Mint(پودینہ),1900,1500,+400,
MianChannu,Papaya(پپیتا),38100,36900,+1200,
JamPur,Tinda Desi,12500,13000,-500,
JamPur,Cauliflower,13000,13500,-500,
JamPur,Grapes Gola,25000,29500,-4500,
JamPur,Persimmon(جاپانی پھل),20000,19000,+1000,
JamPur,Coriander (دھنیا),9300,9000,+300,
Sialkot,Maize,6063,6125,-62,
Sialkot,Potato Fresh,6900,7050,-150,
Sialkot,Onion,7600,7050,+550,
Sialkot,Ginger(China),38250,37250,+1000,
Sialkot,Tinda Desi,18750,18250,+500,
Sialkot,Turnip,7500,6250,+1250,
Sialkot,Carrot,10000,8400,+1600,
Sialkot,Apple Kala Kullu (Pahari),26750,26250,+500,
Sialkot,Green Fodder,1813,2063,-250,
Sialkot,Wheat Straw,2813,3313,-500,
Sialkot,Musambi(100Pcs),1630,1625,+5,
Sialkot,Ginger (Thai),45250,43250,+2000,
Sialkot,Garlic (Local),24750,14300,+10450,
Sialkot,Cucumber (Kheera),4600,4000,+600,
Sialkot,Lemon (China),11250,10450,+800,
Sialkot,Peach,33750,23750,+10000,
Sialkot,Zucchini (گھیا توری),12250,11750,+500,
Sialkot,Cocoyam(اروی),7500,7750,-250,
Narowal,Potato Fresh,5750,7200,-1450,
Narowal,Onion,7700,7200,+500,
Narowal,Turnip,9500,8500,+1000,
Narowal,Radish,7500,8250,-750,
Narowal,Ginger (Thai),46500,46000,+500,
Narowal,Masoor Pulse (Imported),24500,25000,-500,
Narowal,Cucumber (Kheera),8500,8250,+250,
Narowal,Green Chilli,12500,11500,+1000,
Narowal,Grapes Gola,26500,26000,+500,
Narowal,Bottle Gourd (کدو),13500,14500,-1000,
Narowal,Zucchini (گھیا توری),13500,12500,+1000,
Chakwal,Onion,6850,6650,+200,
Chakwal,Apple Kala Kullu (Pahari),23500,22750,+750,
Chakwal,Banana(DOZEN),98,105,-7,
Jhelum,Onion,6650,6400,+250,
Jhelum,Ginger(China),37400,36950,+450,
Jhelum,Brinjal,7900,8800,-900,
Jhelum,Lady Finger/Okra (بھنڈی توری),12150,12650,-500,
Jhelum,Peas,37350,35550,+1800,
Jhelum,Turnip,7900,8800,-900,
Jhelum,Radish,7000,7900,-900,
Jhelum,Apple (Golden),19150,20900,-1750,
Jhelum,Banana(DOZEN),105,110,-5,
Jhelum,Musambi(100Pcs),938,1105,-167,
Jhelum,Ginger (Thai),43150,42650,+500,
Jhelum,Capsicum (شملہ مرچ),22950,22050,+900,
Jhelum,Lemon (Desi),21150,22950,-1800,
Jhelum,Lemon (China),10850,11750,-900,
Jhelum,Peach,20250,15750,+4500,
Jhelum,Persimmon(جاپانی پھل),14850,16650,-1800,
Jhelum,Coriander (دھنیا),4300,3850,+450,
Mianwali,Onion,6500,6300,+200,
Mianwali,Peas,43200,41400,+1800,
Mianwali,Musambi(100Pcs),830,820,+10,
Mianwali,Ginger (Thai),45000,44600,+400,
Mianwali,Dates (Aseel),35000,36000,-1000,
Mianwali,Capsicum (شملہ مرچ),20700,19800,+900,
Mianwali,Grapes Sundekhani,28800,29700,-900,
Mianwali,Persimmon(جاپانی پھل),14400,16200,-1800,
RajanPur,Tomato,10750,9800,+950,
RajanPur,Peas,42000,42500,-500,
RajanPur,Grapes Gola,25000,29500,-4500,
RajanPur,Grapes Sundekhani,29000,31000,-2000,
RajanPur,Coriander (دھنیا),9300,9000,+300,
Jhang,Gram White(local),25500,25750,-250,
Jhang,Gram Black,22750,23500,-750,
Jhang,Onion,7250,7200,+50,
Jhang,Spinach,4750,5450,-700,
Jhang,Lady Finger/Okra (بھنڈی توری),11500,12500,-1000,
Jhang,Bitter Gourd (کریلا),17500,18500,-1000,
Jhang,Pumpkin,9750,10500,-750,
Jhang,Cauliflower,13500,14500,-1000,
Jhang,Turnip,13500,11500,+2000,
Jhang,Radish,2900,3450,-550,
Jhang,Banana(DOZEN),80,85,-5,
Jhang,Pomegranate(Kandhari),23500,22500,+1000,
Jhang,Musambi(100Pcs),9750,750,+9000,
Jhang,Cabbage,9750,10500,-750,
Jhang,Mash Pulse(local),36500,37500,-1000,
Jhang,Ginger (Thai),48500,47500,+1000,
Jhang,Green Chilli,9750,10500,-750,
Jhang,Capsicum (شملہ مرچ),20500,19500,+1000,
Jhang,Pomegranate Desi,32000,32500,-500,
Jhang,Grapes Sundekhani,36500,37500,-1000,
Jhang,Gram Flour (بیسن),23750,23500,+250,
Jhang,Zucchini (گھیا توری),17500,19500,-2000,
Jhang,Cocoyam(اروی),6750,6450,+300,
Jhang,Coriander (دھنیا),16500,19500,-3000,
Jhang,Potato Sugar free,5450,5400,+50,
Jhang,Dates(Irani),47500,48500,-1000,
KotAdu,Brinjal,6500,5500,+1000,
KotAdu,Cauliflower,11500,12500,-1000,
KotAdu,Pomegranate(Kandhari),25500,24500,+1000,
KotAdu,Garlic (Local),20500,18500,+2000,
KotAdu,Cucumber (Kheera),4500,3500,+1000,
KotAdu,Grapes Gola,22500,25500,-3000,
KotAdu,Persimmon(جاپانی پھل),20500,18500,+2000,
Nankana,Ginger(China),46500,45500,+1000,
Nankana,Brinjal,8500,9500,-1000,
Nankana,Bitter Gourd (کریلا),18000,19000,-1000,
Nankana,Green Chilli,11750,12000,-250,
Nankana,Peach,26750,27250,-500,
Nankana,Grapes Sundekhani,33750,34500,-750,
Nankana,Bottle Gourd (کدو),13250,14250,-1000,
ChackJhumra,Potato Store,4750,4250,+500,
ChackJhumra,Tomato,13000,12500,+500,
ChackJhumra,Spinach,4900,4800,+100,
ChackJhumra,Bitter Gourd (کریلا),17500,18500,-1000,
ChackJhumra,Tinda Desi,19500,20500,-1000,
ChackJhumra,Radish,3000,3250,-250,
ChackJhumra,Carrot,9500,9750,-250,
ChackJhumra,Banana(DOZEN),78,90,-12,
ChackJhumra,Pomegranate(Kandhari),22500,21500,+1000,
ChackJhumra,Pomegranate(Badana),35500,34400,+1100,
ChackJhumra,Cabbage,11000,10500,+500,
ChackJhumra,Ginger (Thai),48500,47500,+1000,
ChackJhumra,Cucumber (Kheera),5100,4750,+350,
ChackJhumra,Green Chilli,8750,8000,+750,
ChackJhumra,Capsicum (شملہ مرچ),20500,19500,+1000,
ChackJhumra,Pomegranate Desi,31500,30500,+1000,
ChackJhumra,Sweet Musk Melon,16500,14500,+2000,
ChackJhumra,Persimmon(جاپانی پھل),14500,13500,+1000,
Summandri,Spinach,4680,4275,+405,
Summandri,Lady Finger/Okra (بھنڈی توری),12375,12825,-450,
Summandri,Bitter Gourd (کریلا),16650,17550,-900,
Summandri,Tinda Desi,18450,15350,+3100,
Summandri,Cauliflower,12150,12780,-630,
Summandri,Peas,35550,34650,+900,
Summandri,Turnip,8550,9225,-675,
Summandri,Radish,2925,3375,-450,
Summandri,Pomegranate(Kandhari),21150,20250,+900,
Summandri,Cabbage,11475,10350,+1125,
Summandri,Ginger (Thai),44550,43650,+900,
Summandri,Green Chilli,8550,9000,-450,
Summandri,Capsicum (شملہ مرچ),19350,18450,+900,
Summandri,Peach,21150,13050,+8100,
Summandri,Pomegranate Desi,29250,28350,+900,
Summandri,Bottle Gourd (کدو),12150,11475,+675,
Summandri,Zucchini (گھیا توری),12150,12375,-225,
Tandlianwala,Onion,7000,6500,+500,
Tandlianwala,Ginger(China),42000,41000,+1000,
Tandlianwala,Spinach,4500,4000,+500,
Tandlianwala,Brinjal,7500,6500,+1000,
Tandlianwala,Lady Finger/Okra (بھنڈی توری),12000,11000,+1000,
Tandlianwala,Bitter Gourd (کریلا),17000,18000,-1000,
Tandlianwala,Pumpkin,4600,3500,+1100,
Tandlianwala,Turnip,6500,7500,-1000,
Tandlianwala,Radish,2500,2600,-100,
Tandlianwala,Apple (Golden),11000,9500,+1500,
Tandlianwala,Cabbage,10000,9600,+400,
Tandlianwala,Ginger (Thai),48000,47000,+1000,
Tandlianwala,Apple (Gatcha),23000,22500,+500,
Tandlianwala,Bottle Gourd (کدو),11000,9500,+1500,
Tandlianwala,Cocoyam(اروی),7000,6500,+500,
Mamunkanjan,Potato Fresh,6600,6750,-150,
Mamunkanjan,Potato Store,4600,4400,+200,
Mamunkanjan,Onion,6250,6600,-350,
Mamunkanjan,Ginger(China),40500,41000,-500,
Mamunkanjan,Spinach,3500,4500,-1000,
Mamunkanjan,Lady Finger/Okra (بھنڈی توری),10500,12500,-2000,
Mamunkanjan,Pumpkin,3500,4500,-1000,
Mamunkanjan,Carrot,8500,9500,-1000,
Mamunkanjan,Pomegranate(Kandhari),22500,21500,+1000,
Mamunkanjan,Cabbage,10500,8500,+2000,
Mamunkanjan,Cucumber (Kheera),4250,3500,+750,
Mamunkanjan,Apple (Gatcha),22500,21500,+1000,
Mamunkanjan,Capsicum (شملہ مرچ),18500,16500,+2000,
Mamunkanjan,Peach Special,22500,21000,+1500,
Mamunkanjan,Pomegranate Desi,28500,30500,-2000,
Mamunkanjan,Bottle Gourd (کدو),11500,10500,+1000,
Mamunkanjan,Zucchini (گھیا توری),11500,12500,-1000,
Mamunkanjan,Persimmon(جاپانی پھل),13500,12500,+1000,
Sheikhupura,Ginger(China),45500,44500,+1000,
Sheikhupura,Bitter Gourd (کریلا),17000,18500,-1500,
Sheikhupura,Banana(DOZEN),165,185,-20,
Sheikhupura,Cabbage,11250,10250,+1000,
Sheikhupura,Ginger (Thai),50250,49250,+1000,
Sheikhupura,Lemon (China),9750,10750,-1000,
Sheikhupura,Grapes Sundekhani,33500,34250,-750,
Sheikhupura,Pear,32750,33750,-1000,
Sheikhupura,Bottle Gourd (کدو),13250,14250,-1000,
Depalpur,Apple (Golden),15500,15750,-250,
Depalpur,Banana(DOZEN),130,115,+15,
Depalpur,Peach Special,19000,19200,-200,
Chiniot,Brinjal,7500,7950,-450,
Chiniot,Radish,2700,2900,-200,
Chiniot,Apple (Golden),9750,9300,+450,
Chiniot,Banana(DOZEN),85,89,-4,
Chiniot,Guava,6900,6600,+300,
Chiniot,Pomegranate(Kandhari),21350,20450,+900,
Chiniot,Grapes (Other),19550,18650,+900,
Chiniot,Cucumber (Kheera),4350,4850,-500,
Chiniot,Capsicum (شملہ مرچ),19550,18650,+900,
Chiniot,Peach,15950,13150,+2800,
Chiniot,Pomegranate Desi,29550,28650,+900,
Chiniot,Gram Flour (بیسن),23450,31000,-7550,
Chiniot,Bottle Gourd (کدو),11600,11150,+450,
Chiniot,Coriander (دھنیا),15950,17750,-1800,
Shorkot,Ginger(China),44000,42000,+2000,
Shorkot,Spinach,5000,5500,-500,
Shorkot,Lady Finger/Okra (بھنڈی توری),12000,13000,-1000,
Shorkot,Bitter Gourd (کریلا),18000,19000,-1000,
Shorkot,Pumpkin,5000,6000,-1000,
Shorkot,Cauliflower,14000,15000,-1000,
Shorkot,Turnip,14000,12000,+2000,
Shorkot,Cabbage,10000,11000,-1000,
Shorkot,Ginger (Thai),49000,48000,+1000,
Shorkot,Green Chilli,10000,11000,-1000,
Shorkot,Capsicum (شملہ مرچ),21000,20000,+1000,
Shorkot,Grapes Sundekhani,37000,38000,-1000,
Shorkot,Sweet Musk Melon (Shireen),1400,1200,+200,
Shorkot,Bottle Gourd (کدو),10000,11000,-1000,
Shorkot,Cocoyam(اروی),7000,6500,+500,
Shorkot,Dates(Irani),48000,49000,-1000,
Muridke,Bitter Gourd (کریلا),17000,18500,-1500,
Kalurkot,Wheat,8250,8100,+150,
Kalurkot,Gram Pulse,24250,25250,-1000,
Kalurkot,Potato Fresh,6400,6900,-500,
Kalurkot,Tomato,12800,13200,-400,
Kalurkot,Spinach,5300,5500,-200,
Kalurkot,Lady Finger/Okra (بھنڈی توری),15400,16200,-800,
Kalurkot,Bitter Gourd (کریلا),11600,14200,-2600,
Kalurkot,Cauliflower,14100,14300,-200,
Kalurkot,Turnip,7100,8100,-1000,
Kalurkot,Carrot,8100,9800,-1700,
Kalurkot,Apple (Golden),14100,13600,+500,
Kalurkot,Musambi(100Pcs),3900,3700,+200,
Kalurkot,Grapefruit(100Pcs),3700,3900,-200,
Kalurkot,Cabbage,12400,12500,-100,
Kalurkot,Cucumber (Kheera),6100,6300,-200,
Kalurkot,Green Chilli,9100,9300,-200,
Kalurkot,Capsicum (شملہ مرچ),14320,14300,+20,
Kalurkot,Bottle Gourd (کدو),11600,10900,+700,
Kalurkot,Cocoyam(اروی),6300,7100,-800,
Kalurkot,Sesame(تِل),23500,23000,+500,
Fortabas,Potato Fresh,7700,7500,+200,
Fortabas,Potato Store,4750,4850,-100,
Fortabas,Onion,6750,6450,+300,
Fortabas,Tomato,14700,14600,+100,
Fortabas,Brinjal,5600,6650,-1050,
Fortabas,Lady Finger/Okra (بھنڈی توری),11750,11650,+100,
Fortabas,Cauliflower,14450,13600,+850,
Fortabas,Peas,51500,53000,-1500,
Fortabas,Carrot,9750,9650,+100,
Fortabas,Apple (Golden),17700,15450,+2250,
Fortabas,Banana(DOZEN),96,94,+2,
Fortabas,Guava,15500,16500,-1000,
Fortabas,Cabbage,7750,8600,-850,
Fortabas,Ginger (Thai),45500,46300,-800,
Fortabas,Cucumber (Kheera),6650,6550,+100,
Fortabas,Apple (Gatcha),28750,27450,+1300,
Fortabas,Green Chilli,9750,8800,+950,
Fortabas,Capsicum (شملہ مرچ),13600,14450,-850,
Fortabas,Peach,19750,26950,-7200,
Fortabas,Peach Special,29500,29000,+500,
Fortabas,Grapes Gola,24500,23500,+1000,
Fortabas,Grapes Sundekhani,2900,37400,-34500,
Fortabas,Bottle Gourd (کدو),10750,10600,+150,
Fortabas,Zucchini (گھیا توری),16200,17750,-1550,
Fortabas,Cocoyam(اروی),8800,8700,+100,
Fortabas,Coriander (دھنیا),19500,17500,+2000,
TALAGANG,Onion,7100,6900,+200,
TALAGANG,Ginger(China),41900,40900,+1000,
TALAGANG,Brinjal,8700,9300,-600,
TALAGANG,Peas,42400,39700,+2700,
TALAGANG,Turnip,8300,9300,-1000,
TALAGANG,Apple (Golden),22500,23400,-900,
TALAGANG,Banana(DOZEN),80,90,-10,
TALAGANG,Grapes (Other),29700,30100,-400,
TALAGANG,Cabbage,11100,10700,+400,
TALAGANG,Ginger (Thai),47400,46400,+1000,
TALAGANG,Lemon (Other),12500,12900,-400,
TALAGANG,Peach,22500,16700,+5800,
TALAGANG,Carrot China,11100,12100,-1000,
TALAGANG,Dates(Irani),44900,45100,-200,
Farooqabad,Bitter Gourd (کریلا),17500,19000,-1500,
Farooqabad,Pumpkin,13750,14750,-1000,
Farooqabad,Banana(DOZEN),170,190,-20,
Farooqabad,Ginger (Thai),50250,49250,+1000,
Farooqabad,Apple (Gatcha),30250,30000,+250,
Farooqabad,Grapes Sundekhani,34000,34750,-750,
Sillanwali,Potato Store,4750,4700,+50,
Sillanwali,Onion,6550,6450,+100,
Sillanwali,Bitter Gourd (کریلا),14250,13750,+500,
Sillanwali,Cauliflower,12750,13250,-500,
Sillanwali,Banana(DOZEN),85,90,-5,
Sillanwali,Ginger (Thai),47500,46500,+1000,
Sillanwali,Capsicum (شملہ مرچ),20000,19500,+500,
Sillanwali,Grapes Sundekhani,32500,33500,-1000,
Sillanwali,Persimmon(جاپانی پھل),14500,14250,+250,
Abdulhakim,Potato Fresh,7000,6650,+350,
Abdulhakim,Onion,6400,6250,+150,
Abdulhakim,Tomato,13000,12950,+50,
Abdulhakim,Spinach,2200,1850,+350,
Abdulhakim,Brinjal,5350,6250,-900,
Abdulhakim,Bitter Gourd (کریلا),11650,11800,-150,
Abdulhakim,Carrot,8950,9850,-900,
Abdulhakim,Cabbage,9850,10750,-900,
Abdulhakim,Ginger (Thai),44100,42250,+1850,
Abdulhakim,Garlic (Local),18300,17200,+1100,
Abdulhakim,Dates (Aseel),19750,21550,-1800,
Abdulhakim,Green Chilli,7700,8050,-350,
Abdulhakim,Lemon (China),10600,10550,+50,
Abdulhakim,Bottle Gourd (کدو),8400,7900,+500,
Abdulhakim,Zucchini (گھیا توری),11650,13450,-1800,
Abdulhakim,Persimmon(جاپانی پھل),17950,15400,+2550,
Abdulhakim,Coriander (دھنیا),13450,16150,-2700,
Abdulhakim,Mint(پودینہ),1850,1350,+500,
Abdulhakim,Papaya(پپیتا),34700,33650,+1050,
Qiladedarsingh,Apple (Gatcha),27500,27000,+500,
Noshehrawirkan,Apple (Gatcha),27500,28000,-500,
Sambrial,Potato Fresh,7000,7200,-200,
Sambrial,Onion,7700,7200,+500,
Sambrial,Ginger(China),42450,41450,+1000,
Sambrial,Lady Finger/Okra (بھنڈی توری),12450,12650,-200,
Sambrial,Bitter Gourd (کریلا),17450,17950,-500,
Sambrial,Carrot,10450,8950,+1500,
Sambrial,Banana(DOZEN),120,117,+3,
Sambrial,Ginger (Thai),49950,46950,+3000,
Sambrial,Garlic (Local),30550,29550,+1000,
Sambrial,Cucumber (Kheera),4750,4400,+350,
Sambrial,Green Chilli,10700,10750,-50,
Sambrial,Capsicum (شملہ مرچ),19100,19450,-350,
Sambrial,Peach Special,23700,24200,-500,
Sambrial,Pomegranate Desi,27950,28700,-750,
Sambrial,Bottle Gourd (کدو),12550,12650,-100,
Sambrial,Zucchini (گھیا توری),12650,12150,+500,
Sambrial,Cocoyam(اروی),7950,8450,-500,
Sambrial,Papaya(پپیتا),22450,21950,+500,
Sambrial,green chickpeas(چھولیا),15950,13050,+2900,
Sambrial,Potato Sugar free,5750,5700,+50,
Sambrial,Suger Beet(چقندر),7850,7950,-100,
Shakargarh,Potato Fresh,5750,7200,-1450,
Shakargarh,Onion,7700,7200,+500,
Shakargarh,Turnip,9500,8500,+1000,
Shakargarh,Radish,7500,8250,-750,
Shakargarh,Ginger (Thai),46500,46000,+500,
Shakargarh,Masoor Pulse (Imported),24500,25000,-500,
Shakargarh,Cucumber (Kheera),8500,8250,+250,
Shakargarh,Green Chilli,12500,11500,+1000,
Shakargarh,Grapes Gola,26500,26000,+500,
Shakargarh,Bottle Gourd (کدو),13500,14500,-1000,
Shakargarh,Zucchini (گھیا توری),13500,12500,+1000,
Hazro,Potato Fresh,5650,7100,-1450,
Hazro,Onion,7000,6750,+250,
Hazro,Garlic (China),29100,28600,+500,
Hazro,Tomato,12300,12400,-100,
Hazro,Cauliflower,13200,13800,-600,
Hazro,Peas,27800,27300,+500,
Hazro,Apple (Golden),17300,17750,-450,
Hazro,Banana(DOZEN),118,123,-5,
Hazro,Pomegranate(Kandhari),27250,27300,-50,
Hazro,Garlic (Local),18200,17700,+500,
Hazro,Apple (Gatcha),20900,24100,-3200,
Hazro,Green Chilli,10000,9500,+500,
Hazro,Lemon (Desi),20400,20100,+300,
Hazro,Lemon (China),12200,11800,+400,
Hazro,Peach Special,25500,26000,-500,
Hazro,Pear,18600,18200,+400,
Hazro,Bottle Gourd (کدو),10550,10500,+50,
Hazro,Cocoyam(اروی),7300,7700,-400,
Hazro,Carrot China,13200,13100,+100,
Sraialamgir,Rice Basmati Super (New),23425,26250,-2825,
Sraialamgir,Potato Fresh,7050,7000,+50,
Sraialamgir,Onion,7400,7200,+200,
Sraialamgir,Garlic (China),37800,37600,+200,
Sraialamgir,Tomato,13350,14600,-1250,
Sraialamgir,Brinjal,8550,8500,+50,
Sraialamgir,Lady Finger/Okra (بھنڈی توری),13500,12100,+1400,
Sraialamgir,Bitter Gourd (کریلا),14400,14600,-200,
Sraialamgir,Cauliflower,19750,14500,+5250,
Sraialamgir,Turnip,13600,14600,-1000,
Sraialamgir,Apple (Golden),18750,18650,+100,
Sraialamgir,Guava,17250,16750,+500,
Sraialamgir,Ginger (Thai),52500,50850,+1650,
Sraialamgir,Apple Kala Kullu (Madani),20400,22750,-2350,
Sraialamgir,Dates (Aseel),40750,40500,+250,
Sraialamgir,Apple (Gatcha),28650,28750,-100,
Sraialamgir,Green Chilli,8250,9000,-750,
Sraialamgir,Lemon (China),13750,13600,+150,
Sraialamgir,Peach,18250,15400,+2850,
Sraialamgir,Grapes Sundekhani,39750,40000,-250,
Sraialamgir,Pear,28650,28750,-100,
Sraialamgir,Bottle Gourd (کدو),13750,13600,+150,
Sraialamgir,Zucchini (گھیا توری),12050,12250,-200,
Sraialamgir,Cocoyam(اروی),8550,8400,+150,
Sraialamgir,Carrot China,15150,14600,+550,
Sraialamgir,Persimmon(جاپانی پھل),17750,18250,-500,
Sraialamgir,Sweet Potato(شکر قندی),9750,10250,-500,
Sraialamgir,Dates(Irani),49600,50500,-900,
Pinanwal,Onion,6650,6400,+250,
Pinanwal,Ginger(China),37400,36550,+850,
Pinanwal,Cauliflower,15650,15350,+300,
Pinanwal,Peas,37350,35550,+1800,
Taunsasharif,Potato Fresh,7750,8250,-500,
Taunsasharif,Brinjal,5250,5750,-500,
Taunsasharif,Lady Finger/Okra (بھنڈی توری),13250,13500,-250,
Taunsasharif,Bitter Gourd (کریلا),12500,13500,-1000,
Taunsasharif,Apple Kala Kullu (Pahari),23500,24750,-1250,
Taunsasharif,Guava,14500,13500,+1000,
Taunsasharif,Ginger (Thai),48000,47500,+500,
Taunsasharif,Green Chilli,7750,10500,-2750,
Taunsasharif,Zucchini (گھیا توری),7250,8250,-1000,
Taunsasharif,Persimmon(جاپانی پھل),25500,26500,-1000,
